{
  "per_sensor": [
    0.006913843099027872,
    0.008468763902783394,
    0.007702417206019163,
    0.007614972069859505,
    0.007853176444768906,
    0.007153592072427273,
    0.00802371371537447,
    0.007323761936277151,
    0.007274102885276079,
    0.006916504818946123,
    0.007178657688200474,
    0.006837239023298025,
    0.007131134159862995,
    0.008286365307867527,
    0.007023242302238941,
    0.00727718835696578,
    0.007856838405132294,
    0.007873345166444778,
    0.007268168497830629,
    0.007415428292006254,
    0.0069613466039299965,
    0.008481926284730434,
    0.006244746036827564,
    0.007434246130287647,
    0.0069228955544531345,
    0.007769197225570679,
    0.00734717957675457,
    0.00817483477294445,
    0.008214748464524746
  ],
  "per_layer_per_sensor": [
    [
      0.006615882273763418,
      0.007314522750675678,
      0.007882737554609776,
      0.00730791175737977,
      0.0070063648745417595,
      0.0063758306205272675,
      0.006463334430009127,
      0.0069359177723526955,
      0.00696257408708334,
      0.006665794178843498,
      0.006824313197284937,
      0.006234435364603996,
      0.007513626012951136,
      0.007979714311659336,
      0.005457678809762001,
      0.007303347811102867,
      0.007782300002872944,
      0.007050029933452606,
      0.007639475632458925,
      0.0064863902516663074,
      0.006127604749053717,
      0.007464276161044836,
      0.006290166638791561,
      0.007335033267736435,
      0.0066504813730716705,
      0.007450542412698269,
      0.007766168564558029,
      0.007441951893270016,
      0.0066258879378438
    ],
    [
      0.00634025176987052,
      0.00807974860072136,
      0.005481712985783815,
      0.005453366786241531,
      0.005456323269754648,
      0.006994825322180986,
      0.00756841292604804,
      0.006523402873426676,
      0.007012135814875364,
      0.005132089834660292,
      0.009674123488366604,
      0.005565625615417957,
      0.006663007661700249,
      0.0061638131737709045,
      0.008442340418696404,
      0.005877543706446886,
      0.00632283603772521,
      0.007259796839207411,
      0.00682893255725503,
      0.006458163261413574,
      0.004759353119879961,
      0.006787257734686136,
      0.005161614157259464,
      0.006112849339842796,
      0.005912847351282835,
      0.0061874897219240665,
      0.0061035845428705215,
      0.007114701438695192,
      0.01112897414714098
    ],
    [
      0.007130992133170366,
      0.008200048469007015,
      0.010691040195524693,
      0.007467648945748806,
      0.010795691050589085,
      0.007003104314208031,
      0.010747754946351051,
      0.0067777144722640514,
      0.007301687728613615,
      0.00810299813747406,
      0.007035390939563513,
      0.006400894373655319,
      0.005022448021918535,
      0.008580220863223076,
      0.009845695458352566,
      0.008295047096908092,
      0.011292819865047932,
      0.00817840825766325,
      0.007156542968004942,
      0.007934541441500187,
      0.008288665674626827,
      0.01301274448633194,
      0.0070190164260566235,
      0.006430173758417368,
      0.00796190369874239,
      0.007990137673914433,
      0.008715236559510231,
      0.01051369309425354,
      0.0075009907595813274
    ],
    [
      0.009482809342443943,
      0.007963484153151512,
      0.006754301954060793,
      0.007907334715127945,
      0.006649094168096781,
      0.008063146844506264,
      0.006939592305570841,
      0.009149396792054176,
      0.006675700191408396,
      0.006761687807738781,
      0.0057203639298677444,
      0.005559775047004223,
      0.008076938800513744,
      0.007410506717860699,
      0.007772470358759165,
      0.006533824373036623,
      0.007365246769040823,
      0.006161391735076904,
      0.005610444117337465,
      0.0069248247891664505,
      0.006697411183267832,
      0.006077446509152651,
      0.005754421465098858,
      0.005955956876277924,
      0.007318484131246805,
      0.008183133788406849,
      0.005637206602841616,
      0.008778213523328304,
      0.01038442924618721
    ],
    [
      0.007447386626154184,
      0.009977084584534168,
      0.009568826295435429,
      0.008238174952566624,
      0.008145456202328205,
      0.008931864984333515,
      0.007311084773391485,
      0.007243411615490913,
      0.009925545193254948,
      0.0070845275186002254,
      0.007465759292244911,
      0.009421467781066895,
      0.007380728609859943,
      0.012071942910552025,
      0.005653358995914459,
      0.007979695685207844,
      0.007932867854833603,
      0.00820932537317276,
      0.008812866173684597,
      0.007691668812185526,
      0.008406419306993484,
      0.009383530355989933,
      0.006547601893544197,
      0.009649488143622875,
      0.007204544264823198,
      0.008741330355405807,
      0.007967331446707249,
      0.008619424887001514,
      0.007407839875668287
    ],
    [
      0.00458746962249279,
      0.008484147489070892,
      0.007009411696344614,
      0.00733582628890872,
      0.007294852286577225,
      0.005686741787940264,
      0.007594849448651075,
      0.006284714676439762,
      0.0056379553861916065,
      0.006171836517751217,
      0.006388172972947359,
      0.007094293367117643,
      0.006363298278301954,
      0.008185949176549911,
      0.005734625272452831,
      0.00602173525840044,
      0.006975336465984583,
      0.010138227604329586,
      0.0051559447310864925,
      0.009353840723633766,
      0.007764098234474659,
      0.007245947606861591,
      0.00510629266500473,
      0.00686195632442832,
      0.0070825619623064995,
      0.008408955298364162,
      0.005513038951903582,
      0.006370203569531441,
      0.005901528522372246
    ],
    [
      0.006792117841541767,
      0.009262315928936005,
      0.006528882309794426,
      0.009594551287591457,
      0.00962445605546236,
      0.007019631564617157,
      0.009540964849293232,
      0.008351778611540794,
      0.007403118070214987,
      0.008496594615280628,
      0.007142479531466961,
      0.007584172300994396,
      0.00889788568019867,
      0.0076124100014567375,
      0.0062565249390900135,
      0.008929124101996422,
      0.007326466031372547,
      0.008116234093904495,
      0.009672973304986954,
      0.007058566436171532,
      0.006685883272439241,
      0.009402286261320114,
      0.007834108546376228,
      0.009694263339042664,
      0.006329444702714682,
      0.007422787602990866,
      0.009727687574923038,
      0.00838565919548273,
      0.008553586900234222
    ]
  ],
  "groups": {
    "latent": 0.006907081697136164,
    "proprio": 0.0063916160725057125,
    "prox": 0.21694357693195343,
    "image": 0.7697577476501465
  },
  "total_attention_check": 1.0,
  "n_memory_tokens": 191,
  "n_action_queries": 100,
  "n_layers": 7,
  "n_samples_pass1": 160,
  "sensor_names": [
    "link2_sensor_0",
    "link2_sensor_1",
    "link2_sensor_2",
    "link2_sensor_3",
    "link2_sensor_4",
    "link2_sensor_5",
    "link2_sensor_6",
    "link3_sensor_0",
    "link3_sensor_1",
    "link3_sensor_2",
    "link3_sensor_3",
    "link3_sensor_4",
    "link3_sensor_5",
    "link3_sensor_6",
    "link3_sensor_7",
    "link5_sensor_0",
    "link5_sensor_1",
    "link5_sensor_2",
    "link5_sensor_3",
    "link5_sensor_4",
    "link5_sensor_5",
    "link6_sensor_0",
    "link6_sensor_1",
    "link6_sensor_2",
    "link6_sensor_3",
    "link6_sensor_4",
    "link6_sensor_5",
    "link6_sensor_6",
    "link6_sensor_7"
  ],