{
  "n_trajectories": 68,
  "lengths": {
    "min": 231,
    "max": 301,
    "mean": 263.0147058823529,
    "median": 261.0,
    "n": 68
  },
  "actions_qpos": {
    "qpos_n": 2204,
    "action_n": 2201,
    "qpos_min": [
      -0.6560257077217102,
      -1.101941704750061,
      -1.6953859329223633,
      -2.949237108230591,
      -0.7898659706115723,
      0.7782328724861145,
      -1.832610845565796
    ],
    "qpos_max": [
      1.351759672164917,
      1.0260602235794067,
      0.8294340968132019,
      -0.7777122259140015,
      1.929939866065979,
      3.421767234802246,
      2.3971574306488037
    ],
    "action_min": [
      -0.6560257128325978,
      -1.1054337700987595,
      -1.6973546378326827,
      -2.949292697784242,
      -0.7972753366301433,
      0.7747103049225137,
      -1.8324686827077024
    ],
    "action_max": [
      1.3557324015529908,
      1.0257608821616075,
      0.8294798533028384,
      -0.7924289981860735,
      1.930070476028338,
      3.3444426225878643,
      2.3960945367945237
    ]
  },
  "language": {
    "n_episodes": 68,
    "n_unique": 68,
    "empty_count": 0
  },
  "proximity": {
    "link2_sensor_0": {
      "min": 0.0,
      "max": 549.126953125,
      "mean": 2.1300741296458385,
      "std": 1.656014437379745,
      "zero_frac": 0.0006150405367626502
    },
    "link2_sensor_1": {
      "min": 0.0,
      "max": 1095.970458984375,
      "mean": 2.241429852706146,
      "std": 2.941064710493924,
      "zero_frac": 0.0006150405367626502
    },
    "link2_sensor_2": {
      "min": 0.0,
      "max": 568.7243041992188,
      "mean": 2.4944090451013117,
      "std": 1.856464023697179,
      "zero_frac": 0.0006150405367626502
    },
    "link2_sensor_3": {
      "min": 0.0,
      "max": 547.8182373046875,
      "mean": 1.796892513694262,
      "std": 2.035695764541892,
      "zero_frac": 0.0006150405367626502
    },
    "link2_sensor_4": {
      "min": 0.0,
      "max": 1055.529541015625,
      "mean": 2.7520874164209106,
      "std": 2.5408226327998378,
      "zero_frac": 0.0006150405367626502
    },
    "link2_sensor_5": {
      "min": 0.0,
      "max": 528.9356689453125,
      "mean": 2.567080873612555,
      "std": 1.4109356958170727,
      "zero_frac": 0.0006150405367626502
    },
    "link2_sensor_6": {
      "min": 0.0,
      "max": 2180.91845703125,
      "mean": 0.9063667939367126,
      "std": 2.81502438640084,
      "zero_frac": 0.0006150405367626502
    },
    "link3_sensor_0": {
      "min": 0.0,
      "max": 549.3238525390625,
      "mean": 2.937472288469246,
      "std": 2.5199801105135387,
      "zero_frac": 0.0006150405367626502
    },
    "link3_sensor_1": {
      "min": 0.0,
      "max": 1096.0213623046875,
      "mean": 2.507230255835077,
      "std": 4.397332736866897,
      "zero_frac": 0.0006150405367626502
    },
    "link3_sensor_2": {
      "min": 0.0,
      "max": 537.389404296875,
      "mean": 2.095265881136072,
      "std": 1.7533607724368054,
      "zero_frac": 0.0006150405367626502
    },
    "link3_sensor_3": {
      "min": 0.0,
      "max": 1635.7283935546875,
      "mean": 2.353913936129755,
      "std": 2.6201828979018837,
      "zero_frac": 0.0006150405367626502
    },
    "link3_sensor_4": {
      "min": 0.0,
      "max": 2189.312744140625,
      "mean": 4.330349167505722,
      "std": 57.42721643145512,
      "zero_frac": 0.0006150405367626502
    },
    "link3_sensor_5": {
      "min": 0.0,
      "max": 2130.740478515625,
      "mean": 2.4608584017136392,
      "std": 4.82145858297037,
      "zero_frac": 0.0006150405367626502
    },
    "link3_sensor_6": {
      "min": 0.0,
      "max": 548.8782348632812,
      "mean": 2.431278088414739,
      "std": 1.9534665834576495,
      "zero_frac": 0.0006150405367626502
    },
    "link3_sensor_7": {
      "min": 0.0,
      "max": 528.1019287109375,
      "mean": 1.030403147871547,
      "std": 0.765934623224557,
      "zero_frac": 0.0006150405367626502
    },
    "link5_sensor_0": {
      "min": 0.0,
      "max": 2107.0693359375,
      "mean": 3.0068830797783583,
      "std": 5.752517411060283,
      "zero_frac": 0.0006150405367626502
    },
    "link5_sensor_1": {
      "min": 0.0,
      "max": 2180.91845703125,
      "mean": 6.92644399590155,
      "std": 92.4807246048121,
      "zero_frac": 0.0006150405367626502
    },
    "link5_sensor_2": {
      "min": 0.0,
      "max": 2107.0693359375,
      "mean": 2.7768774914014998,
      "std": 4.258748163198898,
      "zero_frac": 0.0006150405367626502
    },
    "link5_sensor_3": {
      "min": 0.0,
      "max": 2180.91845703125,
      "mean": 10.769934303853177,
      "std": 136.99396290364953,
      "zero_frac": 0.0006150405367626502
    },
    "link5_sensor_4": {
      "min": 0.0,
      "max": 2180.91845703125,
      "mean": 5.494612272164993,
      "std": 80.10566213196765,
      "zero_frac": 0.0006150405367626502
    },
    "link5_sensor_5": {
      "min": 0.0,
      "max": 2107.0693359375,
      "mean": 2.905271856165612,
      "std": 6.810053918443781,
      "zero_frac": 0.0006150405367626502
    },
    "link6_sensor_0": {
      "min": 0.0,
      "max": 17.81264877319336,
      "mean": 1.3295965632480518,
      "std": 1.2533085931920946,
      "zero_frac": 0.0006150405367626502
    },
    "link6_sensor_1": {
      "min": 0.0,
      "max": 569.4111938476562,
      "mean": 1.218414848078087,
      "std": 1.2301992643216053,
      "zero_frac": 0.0006150405367626502
    },
    "link6_sensor_2": {
      "min": 0.0,
      "max": 528.4324951171875,
      "mean": 1.2142695884715253,
      "std": 1.2923206344295775,
      "zero_frac": 0.0006150405367626502
    },
    "link6_sensor_3": {
      "min": 0.0,
      "max": 547.4700927734375,
      "mean": 1.9569839451944224,
      "std": 1.82399707016705,
      "zero_frac": 0.0006150405367626502
    },
    "link6_sensor_4": {
      "min": 0.0,
      "max": 1635.701416015625,
      "mean": 1.427477817466081,
      "std": 4.617894871097461,
      "zero_frac": 0.0006150405367626502
    },
    "link6_sensor_5": {
      "min": 0.0,
      "max": 10.361541748046875,
      "mean": 1.1814941058586788,
      "std": 1.0761067289804294,
      "zero_frac": 0.0006150405367626502
    },
    "link6_sensor_6": {
      "min": 0.0,
      "max": 518.78564453125,
      "mean": 1.218489710312167,
      "std": 1.2275777815277684,
      "zero_frac": 0.0006150405367626502
    },
    "link6_sensor_7": {
      "min": 0.0,
      "max": 1560.8438720703125,
      "mean": 2.804185154386696,
      "std": 2.594268802652009,
      "zero_frac": 0.0006150405367626502
    }
  },
  "proximity_overall_max": 2189.312744140625,
  "proximity_signal_ok": true
}