{
  "n_trajectories": 36,
  "lengths": {
    "min": 224,
    "max": 301,
    "mean": 261.94444444444446,
    "median": 260.5,
    "n": 36
  },
  "actions_qpos": {
    "qpos_n": 1168,
    "action_n": 1163,
    "qpos_min": [
      -0.7224592566490173,
      -0.8549084067344666,
      -0.8716642260551453,
      -2.8423514366149902,
      -0.9306018948554993,
      1.2799750566482544,
      -1.9649014472961426
    ],
    "qpos_max": [
      0.5838261246681213,
      1.1974714994430542,
      1.0829726457595825,
      -0.8347249031066895,
      0.8728742003440857,
      3.421767234802246,
      2.2737083435058594
    ],
    "action_min": [
      -0.722466371570491,
      -0.8581057157764629,
      -0.8716678854427105,
      -3.0379746393856664,
      -0.9256782627317883,
      1.2867843229056228,
      -1.9649014055870313
    ],
    "action_max": [
      0.5838480898100676,
      1.247524222647751,
      1.1108222296818495,
      -0.7625350051353681,
      0.8729421308790635,
      3.3444426225878643,
      2.2737488610936714
    ]
  },
  "language": {
    "n_episodes": 36,
    "n_unique": 35,
    "empty_count": 0
  },
  "proximity": {
    "link2_sensor_0": {
      "min": 0.0,
      "max": 548.6470947265625,
      "mean": 2.109332153223226,
      "std": 1.902287393439749,
      "zero_frac": 0.0006362672322375398
    },
    "link2_sensor_1": {
      "min": 0.0,
      "max": 16.68233871459961,
      "mean": 2.410907263973232,
      "std": 1.8774900534576315,
      "zero_frac": 0.0006362672322375398
    },
    "link2_sensor_2": {
      "min": 0.0,
      "max": 548.6672973632812,
      "mean": 2.4166220360570847,
      "std": 2.1664773312649466,
      "zero_frac": 0.0006362672322375398
    },
    "link2_sensor_3": {
      "min": 0.0,
      "max": 515.1040649414062,
      "mean": 1.850930232738766,
      "std": 1.6724864408380484,
      "zero_frac": 0.0006362672322375398
    },
    "link2_sensor_4": {
      "min": 0.0,
      "max": 12.743221282958984,
      "mean": 2.7457116831903874,
      "std": 1.5871078909522063,
      "zero_frac": 0.0006362672322375398
    },
    "link2_sensor_5": {
      "min": 0.0,
      "max": 8.966489791870117,
      "mean": 2.5178443285718575,
      "std": 1.2544532575569416,
      "zero_frac": 0.0006362672322375398
    },
    "link2_sensor_6": {
      "min": 0.0,
      "max": 11.776562690734863,
      "mean": 0.9154526840970473,
      "std": 0.7170822280375884,
      "zero_frac": 0.0006362672322375398
    },
    "link3_sensor_0": {
      "min": 0.0,
      "max": 569.0258178710938,
      "mean": 2.9273486108061872,
      "std": 2.3253585820144447,
      "zero_frac": 0.0006362672322375398
    },
    "link3_sensor_1": {
      "min": 0.0,
      "max": 1048.715576171875,
      "mean": 2.5665044256637106,
      "std": 3.484929360883663,
      "zero_frac": 0.0006362672322375398
    },
    "link3_sensor_2": {
      "min": 0.0,
      "max": 548.3622436523438,
      "mean": 2.005797432487868,
      "std": 1.9561169916132783,
      "zero_frac": 0.0006362672322375398
    },
    "link3_sensor_3": {
      "min": 0.0,
      "max": 545.5029296875,
      "mean": 2.392201318670052,
      "std": 1.9608087193093762,
      "zero_frac": 0.0006362672322375398
    },
    "link3_sensor_4": {
      "min": 0.0,
      "max": 568.8237915039062,
      "mean": 2.6316556135644844,
      "std": 1.7907456008409994,
      "zero_frac": 0.0006362672322375398
    },
    "link3_sensor_5": {
      "min": 0.0,
      "max": 568.7667236328125,
      "mean": 2.3675956669440326,
      "std": 1.7016862292379282,
      "zero_frac": 0.0006362672322375398
    },
    "link3_sensor_6": {
      "min": 0.0,
      "max": 548.510009765625,
      "mean": 2.389660713705506,
      "std": 1.4855136668013136,
      "zero_frac": 0.0006362672322375398
    },
    "link3_sensor_7": {
      "min": 0.0,
      "max": 4.302069187164307,
      "mean": 1.029870807732656,
      "std": 0.5329383548421803,
      "zero_frac": 0.0006362672322375398
    },
    "link5_sensor_0": {
      "min": 0.0,
      "max": 572.2365112304688,
      "mean": 2.8323502978489734,
      "std": 1.9465818933953016,
      "zero_frac": 0.0006362672322375398
    },
    "link5_sensor_1": {
      "min": 0.0,
      "max": 9.431282043457031,
      "mean": 2.797777195725183,
      "std": 1.6762845152850538,
      "zero_frac": 0.0006362672322375398
    },
    "link5_sensor_2": {
      "min": 0.0,
      "max": 2094.09375,
      "mean": 2.6781746485074023,
      "std": 3.587584171601316,
      "zero_frac": 0.0006362672322375398
    },
    "link5_sensor_3": {
      "min": 0.0,
      "max": 2180.91845703125,
      "mean": 2.1706829940779717,
      "std": 5.04740086241776,
      "zero_frac": 0.0006362672322375398
    },
    "link5_sensor_4": {
      "min": 0.0,
      "max": 552.2575073242188,
      "mean": 2.4437488252512343,
      "std": 1.7929599822263227,
      "zero_frac": 0.0006362672322375398
    },
    "link5_sensor_5": {
      "min": 0.0,
      "max": 527.6307373046875,
      "mean": 2.7809702665909475,
      "std": 2.0267912666948957,
      "zero_frac": 0.0006362672322375398
    },
    "link6_sensor_0": {
      "min": 0.0,
      "max": 567.7327880859375,
      "mean": 1.3765894909046614,
      "std": 2.365603552678406,
      "zero_frac": 0.0006362672322375398
    },
    "link6_sensor_1": {
      "min": 0.0,
      "max": 2189.312744140625,
      "mean": 1.2012538489203186,
      "std": 3.5084589506313755,
      "zero_frac": 0.0006362672322375398
    },
    "link6_sensor_2": {
      "min": 0.0,
      "max": 13.358381271362305,
      "mean": 1.1090049549478993,
      "std": 1.142754372907248,
      "zero_frac": 0.0006362672322375398
    },
    "link6_sensor_3": {
      "min": 0.0,
      "max": 571.8130493164062,
      "mean": 2.041932640197042,
      "std": 2.516380758910896,
      "zero_frac": 0.0006362672322375398
    },
    "link6_sensor_4": {
      "min": 0.0,
      "max": 15.46665096282959,
      "mean": 1.2611037576944426,
      "std": 1.2207068064102087,
      "zero_frac": 0.0006362672322375398
    },
    "link6_sensor_5": {
      "min": 0.0,
      "max": 12.760964393615723,
      "mean": 1.088238873689071,
      "std": 1.1264083210056377,
      "zero_frac": 0.0006362672322375398
    },
    "link6_sensor_6": {
      "min": 0.0,
      "max": 628.15576171875,
      "mean": 1.2686888434854064,
      "std": 2.4197554953970513,
      "zero_frac": 0.0006362672322375398
    },
    "link6_sensor_7": {
      "min": 0.0,
      "max": 1560.8438720703125,
      "mean": 2.790464043238004,
      "std": 3.4151765672067977,
      "zero_frac": 0.0006362672322375398
    }
  },
  "proximity_overall_max": 2189.312744140625,
  "proximity_signal_ok": true
}