{
  "Nf": 72651,
  "n_trajectories": 280,
  "n_houses": 66,
  "near_thresh_m": 0.5,
  "contact_thresh_m": 0.05,
  "Q1_per_link_activation": {
    "link2": 0.9973985216996325,
    "link3": 0.805178180616922,
    "link5": 0.43088188737938915,
    "link6": 0.6270663858721834
  },
  "Q1_threshold_sweep": {
    "2.00m": {
      "link2": 1.0,
      "link3": 1.0,
      "link5": 0.992346973888866,
      "link6": 0.9996696535491597
    },
    "1.00m": {
      "link2": 0.9999862355645484,
      "link3": 1.0,
      "link5": 0.7886470936394544,
      "link6": 0.9264566213816741
    },
    "0.50m": {
      "link2": 0.9973985216996325,
      "link3": 0.805178180616922,
      "link5": 0.43088188737938915,
      "link6": 0.6270663858721834
    },
    "0.20m": {
      "link2": 0.21941886553523007,
      "link3": 0.06745949814868343,
      "link5": 0.055140328419429875,
      "link6": 0.18078209522236446
    },
    "0.10m": {
      "link2": 0.04604203658586943,
      "link3": 0.014246190692488747,
      "link5": 0.012773396099158993,
      "link6": 0.05994411639206618
    }
  },
  "Q2_phase_split": {
    "approach": {
      "link2": 0.9967031517868917,
      "link3": 0.729658446525122,
      "link5": 0.42338124752736384,
      "link6": 0.6286430172754847
    },
    "retreat": {
      "link2": 0.997496266362119,
      "link3": 0.7691294034964421,
      "link5": 0.34397786172362294,
      "link6": 0.5696652903452517
    },
    "approach_frames": 15166,
    "retreat_frames": 22766
  },
  "Q3_clutter_correlation": {
    "n_houses": 66,
    "per_link_corr": {
      "link2": 0.24842690396201467,
      "link3": 0.6104968889230834,
      "link5": 0.2705192142963967,
      "link6": 0.45712130510887183
    }
  },
  "Q4_collision_audit": {
    "per_link_near_contact": {
      "link2": 0.010543557555986842,
      "link3": 0.0037714553137603063,
      "link5": 0.00560212522883374,
      "link6": 0.013268915775419471
    },
    "global_robot_contact_rate": 0.3397613246892679
  },
  "self_sensing_diagnostic": {
    "link2": {
      "median_within_traj_std_m": 0.022652437910437584,
      "median_frame_to_frame_abs_diff_m": 0.003815485048107803
    },
    "link3": {
      "median_within_traj_std_m": 0.11080222576856613,
      "median_frame_to_frame_abs_diff_m": 0.014149726834148169
    },
    "link5": {
      "median_within_traj_std_m": 0.16699320822954178,
      "median_frame_to_frame_abs_diff_m": 0.02182897087186575
    },
    "link6": {
      "median_within_traj_std_m": 0.1329377293586731,
      "median_frame_to_frame_abs_diff_m": 0.01574140600860119
    }
  },
  "per_link_reading_distribution_m": {
    "link2": {
      "mean_m": 0.2390877902507782,
      "std_m": 0.06515718996524811,
      "p05_m": 0.10308185964822769,
      "p50_m": 0.2569698393344879,
      "p95_m": 0.30566108226776123
    },
    "link3": {
      "mean_m": 0.3561226725578308,
      "std_m": 0.13278813660144806,
      "p05_m": 0.17844539880752563,
      "p50_m": 0.33239588141441345,
      "p95_m": 0.5477160811424255
    },
    "link5": {
      "mean_m": 0.6994908452033997,
      "std_m": 0.4491996467113495,
      "p05_m": 0.19201897084712982,
      "p50_m": 0.5540251731872559,
      "p95_m": 1.6736161708831787
    },
    "link6": {
      "mean_m": 0.48100680112838745,
      "std_m": 0.3234565258026123,
      "p05_m": 0.09163543581962585,
      "p50_m": 0.4172947108745575,
      "p95_m": 1.122679352760315
    }
  },
  "_per_house_path": "see report.md (raw arrays kept in-memory only)"
}