{
  "ckpt_step": 10000,
  "split": "val",
  "num_samples": 2344,
  "mae_x": 0.008363744243979454,
  "mae_y": 0.010176890529692173,
  "mae_z": 0.011634647846221924,
  "mae_mean": 0.010058428160846233,
  "rmse_x": 0.0141240693628788,
  "rmse_y": 0.018763665109872818,
  "rmse_z": 0.02362227439880371,
  "rmse_mean": 0.018836669623851776,
  "r2_x": 0.9951482171008239,
  "r2_y": 0.9928518265472464,
  "r2_z": 0.9907204404627372,
  "eucl_mean": 0.020087942481040955,
  "eucl_median": 0.013863172382116318,
  "eucl_p90": 0.030324559658765793,
  "eucl_p99": 0.18057358264923096,
  "eucl_min": 0.0009474414400756359,
  "eucl_max": 0.22810246050357819,
  "per_sensor": {
    "link2_sensor_1": {
      "n": 115,
      "mae_mean": 0.007563726976513863,
      "eucl_mean": 0.014835819602012634,
      "eucl_median": 0.013388700783252716
    },
    "link2_sensor_3": {
      "n": 370,
      "mae_mean": 0.01484049204736948,
      "eucl_mean": 0.030359851196408272,
      "eucl_median": 0.014231228269636631
    },
    "link2_sensor_6": {
      "n": 553,
      "mae_mean": 0.006264123599976301,
      "eucl_mean": 0.012507839128375053,
      "eucl_median": 0.009641174226999283
    },
    "link3_sensor_7": {
      "n": 1168,
      "mae_mean": 0.01012334879487753,
      "eucl_mean": 0.019997570663690567,
      "eucl_median": 0.015774793922901154
    },
    "link5_sensor_3": {
      "n": 8,
      "mae_mean": 0.02664473094046116,
      "eucl_mean": 0.04802011698484421,
      "eucl_median": 0.04950658231973648
    },
    "link6_sensor_1": {
      "n": 16,
      "mae_mean": 0.012476414442062378,
      "eucl_mean": 0.02545762062072754,
      "eucl_median": 0.024236835539340973
    },
    "link6_sensor_2": {
      "n": 25,
      "mae_mean": 0.011008589528501034,
      "eucl_mean": 0.02257872186601162,
      "eucl_median": 0.02050895057618618
    },
    "link6_sensor_3": {
      "n": 30,
      "mae_mean": 0.017543001100420952,
      "eucl_mean": 0.03530768305063248,
      "eucl_median": 0.03268962725996971
    },
    "link6_sensor_4": {
      "n": 23,
      "mae_mean": 0.01387518085539341,
      "eucl_mean": 0.028400342911481857,
      "eucl_median": 0.02193189226090908
    },
    "link6_sensor_5": {
      "n": 22,
      "mae_mean": 0.011009312234818935,
      "eucl_mean": 0.022342624142766,
      "eucl_median": 0.0198029987514019
    },
    "link6_sensor_6": {
      "n": 14,
      "mae_mean": 0.01088710967451334,
      "eucl_mean": 0.022353237494826317,
      "eucl_median": 0.01905788853764534
    }
  }
}