{
  "Nf": 89029,
  "n_trajectories": 343,
  "n_houses": 82,
  "near_thresh_m": 0.5,
  "contact_thresh_m": 0.05,
  "Q1_per_link_activation": {
    "link2": 0.9971357647508116,
    "link3": 0.7921239146794865,
    "link5": 0.43192667557762077,
    "link6": 0.629165777443305
  },
  "Q1_threshold_sweep": {
    "2.00m": {
      "link2": 1.0,
      "link3": 1.0,
      "link5": 0.9872064158869582,
      "link6": 0.9996630311471543
    },
    "1.00m": {
      "link2": 0.999842747868672,
      "link3": 0.9988655381954195,
      "link5": 0.7875186736905953,
      "link6": 0.9284390479506678
    },
    "0.50m": {
      "link2": 0.9971357647508116,
      "link3": 0.7921239146794865,
      "link5": 0.43192667557762077,
      "link6": 0.629165777443305
    },
    "0.20m": {
      "link2": 0.21773804041379774,
      "link3": 0.06711296319176897,
      "link5": 0.05041054038571701,
      "link6": 0.17113524806523717
    },
    "0.10m": {
      "link2": 0.04367116332880298,
      "link3": 0.013770793786294354,
      "link5": 0.011119972143908165,
      "link6": 0.0570600590818722
    }
  },
  "Q2_phase_split": {
    "approach": {
      "link2": 0.9966105342443643,
      "link3": 0.7153924786140851,
      "link5": 0.4225533975359122,
      "link6": 0.6304944315919729
    },
    "retreat": {
      "link2": 0.9971943455271393,
      "link3": 0.75874968526312,
      "link5": 0.34653429732743424,
      "link6": 0.5684687601165426
    },
    "approach_frames": 18587,
    "retreat_frames": 27801
  },
  "Q3_clutter_correlation": {
    "n_houses": 82,
    "per_link_corr": {
      "link2": -0.059733591700123156,
      "link3": 0.38091219125487585,
      "link5": 0.2630881189004544,
      "link6": 0.42423523641605754
    }
  },
  "Q4_collision_audit": {
    "per_link_near_contact": {
      "link2": 0.008929674600411101,
      "link3": 0.003515708364690157,
      "link5": 0.004751260825124398,
      "link6": 0.013343966572689797
    },
    "global_robot_contact_rate": 0.34082153006323784
  },
  "self_sensing_diagnostic": {
    "link2": {
      "median_within_traj_std_m": 0.022699987515807152,
      "median_frame_to_frame_abs_diff_m": 0.003803037339821458
    },
    "link3": {
      "median_within_traj_std_m": 0.11063303798437119,
      "median_frame_to_frame_abs_diff_m": 0.014323062263429165
    },
    "link5": {
      "median_within_traj_std_m": 0.16505996882915497,
      "median_frame_to_frame_abs_diff_m": 0.02265995927155018
    },
    "link6": {
      "median_within_traj_std_m": 0.1336507350206375,
      "median_frame_to_frame_abs_diff_m": 0.01583227887749672
    }
  },
  "per_link_reading_distribution_m": {
    "link2": {
      "mean_m": 0.24023140966892242,
      "std_m": 0.06623201072216034,
      "p05_m": 0.10426592826843262,
      "p50_m": 0.25781163573265076,
      "p95_m": 0.30604445934295654
    },
    "link3": {
      "mean_m": 0.35941413044929504,
      "std_m": 0.13665339350700378,
      "p05_m": 0.1771567463874817,
      "p50_m": 0.3375379145145416,
      "p95_m": 0.5485617518424988
    },
    "link5": {
      "mean_m": 0.7057946920394897,
      "std_m": 0.4611609876155853,
      "p05_m": 0.19925589859485626,
      "p50_m": 0.5533276796340942,
      "p95_m": 1.7062512636184692
    },
    "link6": {
      "mean_m": 0.48111873865127563,
      "std_m": 0.31673502922058105,
      "p05_m": 0.09388129413127899,
      "p50_m": 0.42043107748031616,
      "p95_m": 1.1025192737579346
    }
  },
  "_per_house_path": "see report.md (raw arrays kept in-memory only)"
}